{
  "JPEG-like_syn": {
    "bpp": [
      0.1215481124818325,
      0.18937055986374618,
      0.28284334391355515,
      0.41234507396817205,
      0.58066167794168,
      0.7936920061707496,
      1.053499422967434
    ],
    "psnr": [
      28.899134883880617,
      30.609725437164307,
      32.32901641845703,
      34.1130904006958,
      35.87971862792969,
      37.57477123260498,
      39.10514137268066
    ],
    "msssim": [
      0.9311697483062744,
      0.9507815754413604,
      0.9648794597387313,
      0.9748833936452865,
      0.9819355332851409,
      0.9870612692832946,
      0.9906695324182511
    ],
    "lpips": [
      0.41063049048185346,
      0.3648639005422592,
      0.31638933315873147,
      0.26933561608195306,
      0.22712021626532078,
      0.1902090945094824,
      0.15940617363899945
    ]
  },
  "2-layer_syn": {
    "bpp": [
      0.10607401620596647,
      0.16192273385822772,
      0.24192362993955613,
      0.35120301492512224,
      0.49610270403325557,
      0.6890216673910617,
      0.9422200773656368
    ],
    "psnr": [
      29.04786029815674,
      30.658848876953126,
      32.41519569396973,
      34.10724815368653,
      35.79734470367432,
      37.467631301879884,
      39.08227722167969
    ],
    "msssim": [
      0.9315704607963562,
      0.9513303434848785,
      0.9658497041463852,
      0.9757662361860275,
      0.9825770676136016,
      0.9874781703948975,
      0.9910356277227401
    ],
    "lpips": [
      0.40368745803833006,
      0.3646953883767128,
      0.31691018387675285,
      0.2728947339951992,
      0.23294599197804927,
      0.19828849092125891,
      0.16586250826716423
    ]
  },
  "2-layer_syn+SGA": {
    "bpp": [
      0.10708490125834942,
      0.16431630104780198,
      0.24343209266662597,
      0.35300029814243317,
      0.4971397086977959,
      0.6876570850610733,
      0.9400960445404053
    ],
    "psnr": [
      29.840772247314455,
      31.46858968734741,
      33.04601259231568,
      34.6967056274414,
      36.33134155273437,
      37.92658367156982,
      39.504577255249025
    ],
    "msssim": [
      0.9401236206293107,
      0.9572869032621384,
      0.9690831035375596,
      0.977675911784172,
      0.9836956083774566,
      0.988149443268776,
      0.9914728492498398
    ],
    "lpips": [
      0.3761272743344307,
      0.33992120027542116,
      0.30092027187347414,
      0.26210634112358094,
      0.22528479546308516,
      0.1920182839035988,
      0.16062167435884475
    ]
  }
}