{
  "JPEG-like_syn": {
    "bpp": [
      0.12394987760732572,
      0.21578639280050993,
      0.3527529227236907,
      0.5486863007148107,
      0.7984873379270235,
      1.0981156254808109,
      1.4382014299432437
    ],
    "psnr": [
      26.948485533396404,
      28.692585229873657,
      30.586488564809162,
      32.68278996149699,
      34.86973079045614,
      37.03254493077596,
      39.009156703948975
    ],
    "msssim": [
      0.8951356386144956,
      0.9275988265872002,
      0.9518218661348025,
      0.9689099962512652,
      0.9801762774586678,
      0.9872952202955881,
      0.9916953295469284
    ],
    "lpips": [
      0.49702812482913333,
      0.4271950138111909,
      0.35487656729916733,
      0.28640516102313995,
      0.2262854427099228,
      0.17657044731701413,
      0.1382229287798206
    ]
  },
  "2-layer_syn": {
    "bpp": [
      0.11517608724534512,
      0.19192710146307945,
      0.3004528824239969,
      0.4620134501407544,
      0.6727992258965969,
      0.9407274983823299,
      1.3061519265174866
    ],
    "psnr": [
      27.265059232711792,
      28.83758823076884,
      30.64565070470174,
      32.57419761021932,
      34.59317191441854,
      36.64291429519653,
      38.787724335988365
    ],
    "msssim": [
      0.8965920383731524,
      0.927627774576346,
      0.9521153395374616,
      0.969332680106163,
      0.9805143997073174,
      0.9875683039426804,
      0.9921776205301285
    ],
    "lpips": [
      0.4820718616247177,
      0.42244812722007435,
      0.35346770162383717,
      0.28939354233443737,
      0.2332609115789334,
      0.18479444769521555,
      0.1441843550031384
    ]
  },
  "2-layer_syn+SGA": {
    "bpp": [
      0.11748242098838091,
      0.19708023685961962,
      0.30731289833784103,
      0.4704489726573229,
      0.681287924448649,
      0.9464726733664671,
      1.3106447507937748
    ],
    "psnr": [
      27.85082459449768,
      29.511156956354778,
      31.205640872319538,
      33.13800358772278,
      35.135732332865395,
      37.12502304712931,
      39.28218285242716
    ],
    "msssim": [
      0.9065890684723854,
      0.9351702928543091,
      0.9564562141895294,
      0.9719197352727255,
      0.9820616741975149,
      0.9884288037816683,
      0.9926955699920654
    ],
    "lpips": [
      0.46265463158488274,
      0.4049473988513152,
      0.34012027146915597,
      0.2793259844183922,
      0.22396328455458084,
      0.17794634867459536,
      0.13855585494699577
    ]
  }
}