{
  "JPEG-like_syn": {
    "bpp": [
      0.12394987760732572,
      0.2157863915587465,
      0.35275292086104554,
      0.5486863031983376,
      0.7984873329599699,
      1.0981156006455421,
      1.4382014001409213
    ],
    "psnr": [
      26.948485771814983,
      28.692585786183674,
      30.58648880322774,
      32.682790756225586,
      34.86973190307617,
      37.03254381815592,
      39.009156703948975
    ],
    "msssim": [
      0.895135631163915,
      0.9275988390048345,
      0.9518218785524368,
      0.9689100012183189,
      0.980176272491614,
      0.987295205394427,
      0.9916953022281328
    ]
  },
  "2-layer_syn": {
    "bpp": [
      0.11517608755578597,
      0.1919270996004343,
      0.3004776481539011,
      0.46201376368602115,
      0.6728150583803654,
      0.9407828462620577,
      1.3061518644293149
    ],
    "psnr": [
      27.265058596928913,
      28.83758783340454,
      30.646616379419964,
      32.574201822280884,
      34.59368371963501,
      36.64399925867716,
      38.787726720174156
    ],
    "msssim": [
      0.896592028439045,
      0.9276277720928192,
      0.9521174629529318,
      0.969332699974378,
      0.980516696969668,
      0.9875703553358713,
      0.9921776453653971
    ]
  },
  "2-layer_syn+SGA": {
    "bpp": [
      0.11744795087724924,
      0.19717531899611154,
      0.30740695508817834,
      0.47094480134546757,
      0.6813981781403223,
      0.9465279305974642,
      1.311200608809789
    ],
    "psnr": [
      27.840846935908,
      29.506690343221027,
      31.203375498453777,
      33.13913647333781,
      35.13326899210612,
      37.12124538421631,
      39.283236503601074
    ],
    "msssim": [
      0.9063834051291147,
      0.9351961463689804,
      0.9564390952388445,
      0.9719287157058716,
      0.9820522566636404,
      0.9884163290262222,
      0.992699441810449
    ]
  }
}