{
  "JPEG-like syn.": {
    "bpp": [
      0.12394987760732572,
      0.2157863915587465,
      0.35275292086104554,
      0.5486863031983376,
      0.7984873329599699,
      1.0981156006455421,
      1.4382014001409213
    ],
    "psnr": [
      26.948485771814983,
      28.692585786183674,
      30.58648880322774,
      32.682790756225586,
      34.86973190307617,
      37.03254381815592,
      39.009156703948975
    ],
    "msssim": [
      0.895135631163915,
      0.9275988390048345,
      0.9518218785524368,
      0.9689100012183189,
      0.980176272491614,
      0.987295205394427,
      0.9916953022281328
    ]
  },
  "2-layer syn.": {
    "bpp": [
      0.11517608755578597,
      0.1919270996004343,
      0.3004776481539011,
      0.46201376368602115,
      0.6728150583803654,
      0.9407828462620577,
      1.3061518644293149
    ],
    "psnr": [
      27.265058596928913,
      28.83758783340454,
      30.646616379419964,
      32.574201822280884,
      34.59368371963501,
      36.64399925867716,
      38.787726720174156
    ],
    "msssim": [
      0.896592028439045,
      0.9276277720928192,
      0.9521174629529318,
      0.969332699974378,
      0.980516696969668,
      0.9875703553358713,
      0.9921776453653971
    ]
  },
  "2-layer syn. + SGA": {
    "bpp": [
      0.11739548544089,
      0.1970446209112803,
      0.30756359299023944,
      0.4707032839457194,
      0.6813242038091024,
      0.9464270273844401,
      1.3109219074249268
    ],
    "psnr": [
      27.839873631795246,
      29.503747304280598,
      31.202791849772137,
      33.133862813313804,
      35.13171132405599,
      37.11961873372396,
      39.28109614054362
    ],
    "msssim": [
      0.9063087900479635,
      0.9350186983744303,
      0.956450899442037,
      0.9718958338101705,
      0.9820321202278137,
      0.9884170691172282,
      0.992704967657725
    ]
  }
}