{
  "JPEG-like_syn": {
    "bpp": [
      0.09909109135226506,
      0.165082184370698,
      0.2648050219910901,
      0.41229677036768053,
      0.605040348884536,
      0.8445302200753514,
      1.1303648585226478
    ],
    "psnr": [
      28.926411977628383,
      30.48420975847942,
      32.12970598732553,
      33.91070752027558,
      35.714831933742616,
      37.44851451966821,
      39.01723443008051
    ],
    "msssim": [
      0.9166212808795091,
      0.9400538845760066,
      0.9580728920494638,
      0.9708292367981701,
      0.979601131706703,
      0.9858337379083401,
      0.9901783030207564
    ],
    "lpips": [
      0.488081866648139,
      0.4430243889006173,
      0.3915073195608651,
      0.337945579755597,
      0.28796108703060846,
      0.24189864335263647,
      0.20017259286307706
    ]
  },
  "2-layer_syn": {
    "bpp": [
      0.09000241065897592,
      0.1459699836446018,
      0.22941636148749328,
      0.35064294534485513,
      0.5126838640468877,
      0.726350386695164,
      1.0291792415991061
    ],
    "psnr": [
      29.112943835374786,
      30.591670757386744,
      32.24309930568788,
      33.911882167909205,
      35.601107574090726,
      37.28386381195813,
      38.98985876688143
    ],
    "msssim": [
      0.9179018270678636,
      0.9414160658673543,
      0.9595834525620065,
      0.972029719410873,
      0.980449254919843,
      0.9863391562205989,
      0.9906694162182692
    ],
    "lpips": [
      0.48068248571419137,
      0.4446000798446376,
      0.3936319202184677,
      0.3444584967886529,
      0.29869004575217645,
      0.25602155760294054,
      0.21404771797540711
    ]
  },
  "2-layer_syn+SGA": {
    "bpp": [
      0.08919376461971097,
      0.14602684047890874,
      0.228614569800656,
      0.34873952116908097,
      0.5074504748350237,
      0.7158546269666858,
      1.0157586735923116
    ],
    "psnr": [
      29.743857825674663,
      31.260754841129955,
      32.77495146960747,
      34.41940879821777,
      36.06959626732803,
      37.68944233219798,
      39.388802225996805
    ],
    "msssim": [
      0.9265943067829784,
      0.9477826880245674,
      0.9632010256371847,
      0.9742406897428559,
      0.9817443926159929,
      0.9871208246161298,
      0.9911884418347987
    ],
    "lpips": [
      0.4580704795151222,
      0.4232043296825595,
      0.37996201762338966,
      0.3346276515867652,
      0.29064170652773325,
      0.2488594155122594,
      0.2074212486424097
    ]
  }
}